{"cameraMode":{"drawMode":0,"name":"Shaded","section":"Shading Mode"},"sceneLighting":true,"audioPlay":false,"sceneViewState":{"showFog":true,"showMaterialUpdate":false,"showSkybox":true,"showFlares":true,"showImageEffects":true,"showParticleSystems":true},"in2DMode":false,"pivot":{"x":-1.8116663694381714,"y":-1.5594303607940674,"z":-2.0274722576141359},"rotation":{"x":-0.05307360365986824,"y":0.9468915462493897,"z":-0.22002069652080537,"w":-0.2284100204706192},"size":5.094216346740723,"orthographic":false}